{"cameraMode":{"drawMode":0,"name":"Shaded","section":"Shading Mode"},"sceneLighting":false,"audioPlay":false,"sceneViewState":{"showFog":true,"showMaterialUpdate":false,"showSkybox":false,"showFlares":true,"showImageEffects":true,"showParticleSystems":true},"in2DMode":false,"pivot":{"x":-0.7900000810623169,"y":0.3019999861717224,"z":1.2769999504089356},"rotation":{"x":0.14652009308338166,"y":0.6688785552978516,"z":-0.13691414892673493,"w":0.7158358693122864},"size":0.476043164730072,"orthographic":false}